{
  "z_design": [
    391.8622131347656,
    391.8622131347656,
    391.8622131347656,
    391.8622131347656,
    392.26190182634554,
    392.5951258216897,
    392.91600848568476,
    393.15642244431,
    393.402329493502,
    393.7333955175586,
    393.94933202236615,
    394.14946386926425,
    394.4303738072891,
    394.59383882100155,
    394.78118095642066,
    395.03651241990775,
    395.3780802456379,
    395.70946873423304,
    396.1643033498399,
    396.593609273402,
    396.79876014824276
  ],
  "z_design_original": [
    391.8622131347656,
    388.7544860839844,
    388.11370849609375,
    389.2991027832031,
    392.26190182634554,
    392.5951258216897,
    392.91600848568476,
    393.15642244431,
    393.402329493502,
    393.7333955175586,
    393.94933202236615,
    394.14946386926425,
    394.4303738072891,
    394.59383882100155,
    394.78118095642066,
    395.03651241990775,
    395.3780802456379,
    395.70946873423304,
    396.1643033498399,
    396.593609273402,
    396.79876014824276
  ],
  "station_gradients": {
    "3": 5.0
  },
  "locked_stations": [],
  "stations": [
    0.0,
    10.182192141155967,
    16.30566489014558,
    20.053610921445994,
    28.047384753044632,
    34.71186465992779,
    41.129517939829014,
    45.937797112334074,
    50.85593809617383,
    57.47725857730632,
    61.79598867345662,
    65.7986256114182,
    71.41682437191523,
    74.68612464616464,
    78.43296735454706,
    83.53959662428797,
    90.37095313889081,
    96.99872291079444,
    106.0954152229311,
    114.6815336941738,
    118.78455119098841
  ]
}